<?xml version="1.0" encoding="UTF-8"?>
<!--

    Copyright 2013 Comcast Cable Communications Management, LLC

    Licensed under the Apache License, Version 2.0 (the "License");
    you may not use this file except in compliance with the License.
    You may obtain a copy of the License at

    http://www.apache.org/licenses/LICENSE-2.0

    Unless required by applicable law or agreed to in writing, software
    distributed under the License is distributed on an "AS IS" BASIS,
    WITHOUT WARRANTIES OR CONDITIONS OF ANY KIND, either express or implied.
    See the License for the specific language governing permissions and
    limitations under the License.

-->
<configuration>
    <appender name="A1" class="ch.qos.logback.core.ConsoleAppender">
        <follow>true</follow>
        <encoder>
            <pattern>[DRIVE-THRU-%-5p]\(%t\) %c - %m%n</pattern>
        </encoder>
    </appender>
    <root level="WARN">
        <appender-ref ref="A1"/>
    </root>
</configuration>
